uniprot,k_site,gt,delta_e,motif_score,es_ok,comb_ok
O14920,147,Ub,0.69,4.0,False,False
O14920,163,Ub,0.747,-0.3,False,False
O14920,171,Ub,0.907,2.9,False,False
O14920,418,Ub,0.56,0.0,False,False
O14920,555,Ub,0.522,-0.3,False,False
O14920,703,Ub,0.557,2.6,False,False
O60331,97,Ub,0.499,2.0,False,False
O95786,96,SUMO,0.814,2.3,False,True
O95786,99,Ub,0.844,2.0,False,False
O95786,115,Ub,1.012,2.0,False,False
O95786,146,Ub,1.372,0.0,False,False
O95786,154,Ub,1.255,0.6,False,False
O95786,164,Ub,0.86,0.0,False,False
O95786,169,Ub,0.779,-0.3,False,False
O95786,172,Ub,0.783,1.7,False,False
O95786,181,Ub,0.748,0.3,False,False
O95786,190,Ub,0.686,0.3,False,False
O95786,193,Ub,0.614,2.9,False,False
O95786,812,Ub,0.824,-0.9,False,True
O95786,888,SUMO,0.72,4.6,False,True
P01100,265,SUMO,0.471,4.9,False,True
P03372,171,SUMO,0.46,0.3,False,True
P03372,180,SUMO,0.564,2.3,False,True
P03372,266,SUMO,0.6,0.5,False,True
P03372,268,SUMO,0.572,-0.9,False,False
P03372,299,SUMO,0.814,1.1,False,True
P03372,302,Ub,0.737,-0.9,False,True
P03372,472,SUMO,0.675,-0.3,False,False
P04083,257,SUMO,0.698,4.9,False,True
P04637,24,Ub,0.762,2.6,False,False
P04637,101,Ub,0.575,0.0,False,False
P04637,120,Ub,0.46,1.7,False,False
P04637,132,Ub,0.636,0.0,False,False
P04637,139,Ub,0.636,2.0,False,False
P04637,164,Ub,0.615,1.7,False,False
P04637,291,Ub,0.643,0.0,False,False
P04637,292,Ub,0.626,1.4,False,False
P04637,305,Ub,0.675,-0.3,False,False
P04637,319,Ub,0.549,-0.3,False,False
P04637,320,Ub,0.564,-0.3,False,False
P04637,321,Ub,0.576,0.0,False,False
P04637,370,Ub,0.823,0.8,False,False
P04637,372,Ub,0.871,-0.9,False,True
P04637,373,Ub,0.895,-0.9,False,True
P04637,381,Ub,1.626,-1.2,False,True
P04637,382,Ub,1.836,-1.2,False,True
P04637,386,both,0.998,4.0,False,False
P05412,226,SUMO,0.446,4.3,False,True
P05412,254,SUMO,0.723,3.4,False,True
P06400,720,SUMO,0.795,1.7,False,True
P06401,7,SUMO,0.543,1.7,False,True
P06401,388,both,0.768,4.9,False,False
P06401,531,SUMO,0.801,2.3,False,True
P08047,16,SUMO,1.125,4.0,True,True
P10275,388,SUMO,0.522,3.7,False,True
P10275,521,SUMO,0.44,4.3,False,True
P10275,846,Ub,0.52,-0.9,False,True
P10275,848,Ub,0.498,-0.6,False,True
P12931,318,SUMO,0.639,1.7,False,True
P15976,137,SUMO,0.674,4.3,False,True
P16104,14,Ub,0.563,0.8,False,False
P16104,16,Ub,0.598,0.8,False,False
P16104,119,Ub,0.64,-0.3,False,False
P16104,120,Ub,0.618,-0.3,False,False
P17676,174,SUMO,0.49,4.6,False,True
P19838,440,Ub,0.446,2.9,False,False
P19838,441,Ub,0.443,0.9,False,False
P25490,203,SUMO,0.844,0.0,False,True
P25490,288,SUMO,0.579,4.0,False,True
P25963,21,Ub,0.329,3.7,False,False
P25963,22,Ub,0.331,0.0,False,False
P25963,38,Ub,0.386,5.5,False,False
P25963,47,Ub,0.435,2.9,False,False
P26358,148,SUMO,0.466,4.9,False,True
P26358,194,SUMO,0.815,5.5,False,True
P26358,675,SUMO,0.572,2.0,False,True
P26358,739,SUMO,0.495,4.0,False,True
P26358,957,SUMO,0.552,1.4,False,True
P26358,1135,SUMO,0.541,2.0,False,True
P26358,1609,SUMO,0.479,4.6,False,True
P29590,65,SUMO,0.665,2.0,False,True
P29590,160,SUMO,0.49,3.4,False,True
P29590,380,both,0.564,2.6,False,False
P29590,400,both,0.618,0.3,False,False
P29590,401,Ub,0.603,0.0,False,False
P29590,476,Ub,0.57,-0.6,False,True
P29590,487,SUMO,0.438,-0.3,False,False
P29590,490,SUMO,0.422,4.3,False,True
P29590,497,SUMO,0.411,0.9,False,True
P29590,616,SUMO,0.668,4.9,False,True
P30307,151,Ub,1.604,0.6,False,False
P31749,8,Ub,0.693,2.3,False,False
P31749,14,Ub,-0.979,0.0,False,True
P31749,276,SUMO,0.694,4.3,False,True
P31749,301,SUMO,0.651,2.3,False,True
P35222,19,Ub,0.546,0.0,False,False
P35222,49,Ub,0.442,0.6,False,False
P35222,394,Ub,0.637,2.9,False,False
P36956,123,SUMO,0.826,4.6,False,True
P36956,418,SUMO,0.58,5.2,False,True
P37231,107,SUMO,0.739,4.3,False,True
P37231,184,Ub,0.667,-1.5,False,True
P37231,185,Ub,0.642,-1.5,False,True
P37231,395,SUMO,0.581,2.9,False,True
P37840,6,SUMO,0.436,2.0,False,True
P37840,10,SUMO,0.457,-0.3,False,False
P37840,12,both,0.476,2.0,False,False
P37840,21,SUMO,0.514,0.0,False,True
P37840,23,SUMO,0.535,0.3,False,True
P37840,34,SUMO,0.594,0.0,False,True
P37840,45,SUMO,0.641,-0.3,False,False
P37840,60,SUMO,0.733,0.3,False,True
P37840,80,SUMO,0.97,0.3,False,True
P37840,96,SUMO,0.977,4.0,False,True
P37840,102,SUMO,0.732,2.6,False,True
P39748,168,SUMO,0.598,1.7,False,True
P39748,354,Ub,0.827,2.0,False,False
P41235,234,Ub,0.616,-0.3,False,False
P41235,307,Ub,0.725,-0.6,False,True
P42224,703,SUMO,0.695,4.3,False,True
P43268,96,SUMO,2.535,3.7,True,True
P43268,226,SUMO,-4.212,4.3,False,True
P43268,260,SUMO,0.813,4.6,False,True
P43268,322,SUMO,0.582,4.9,False,True
P46527,134,Ub,0.492,2.6,False,False
P46527,153,Ub,0.949,-0.3,False,False
P46527,165,Ub,-0.219,-0.6,False,True
P46937,97,SUMO,0.695,2.3,False,True
P46937,280,SUMO,0.649,2.0,False,True
P48431,245,SUMO,0.668,4.3,False,True
P56693,55,SUMO,0.563,4.3,False,True
P56693,246,SUMO,3.913,2.3,True,True
P56693,357,SUMO,1.209,4.0,True,True
P62805,13,SUMO,0.475,-0.9,False,False
P62805,92,Ub,0.691,1.4,False,False
P62807,35,Ub,0.604,-0.9,False,True
P62807,121,Ub,0.592,-0.6,False,True
Q00613,298,SUMO,0.671,4.3,False,True
Q02078,403,SUMO,0.42,4.3,False,True
Q04206,56,Ub,0.697,0.0,False,False
Q04206,62,Ub,0.629,1.7,False,False
Q04206,79,Ub,0.587,-0.3,False,False
Q04206,122,Ub,0.64,2.0,False,False
Q04206,123,Ub,0.621,2.0,False,False
Q04206,195,Ub,0.662,2.0,False,False
Q04206,310,Ub,0.668,1.7,False,False
Q04206,314,Ub,0.655,1.4,False,False
Q04206,315,Ub,0.683,-0.6,False,True
Q06413,391,SUMO,0.546,4.3,False,True
Q07820,136,Ub,0.462,0.0,False,False
Q07820,194,Ub,0.708,2.0,False,False
Q07820,197,Ub,0.793,-0.3,False,False
Q07820,279,Ub,0.645,1.7,False,False
Q07820,308,Ub,0.642,2.0,False,False
Q13002,886,SUMO,0.31,4.6,False,True
Q13263,554,SUMO,0.486,5.2,False,True
Q13263,676,SUMO,1.006,5.2,True,True
Q13263,750,SUMO,1.082,0.0,True,True
Q13263,774,Ub,0.69,0.0,False,False
Q13263,779,SUMO,0.624,2.6,False,True
Q13263,804,SUMO,0.833,0.3,False,True
Q14457,117,Ub,0.314,1.7,False,False
Q14457,437,Ub,0.721,2.0,False,False
Q14814,439,SUMO,0.521,4.0,False,True
Q16658,42,Ub,0.607,-0.6,False,True
Q16658,241,Ub,0.748,1.7,False,False
Q16658,247,Ub,0.649,0.0,False,False
Q16658,399,SUMO,0.863,-0.3,False,False
Q16658,464,Ub,0.857,1.4,False,False
Q8TF40,1119,Ub,0.538,0.0,False,False
Q92731,4,SUMO,0.369,2.3,False,True
Q9HAW4,60,Ub,1.243,-0.6,False,False
Q9UHP3,99,Ub,0.523,2.9,False,False
Q9UHP3,141,SUMO,0.807,-0.3,False,False
Q9ULV5,206,Ub,0.351,-0.6,False,True
Q9ULV5,287,SUMO,0.919,0.0,False,True
Q9ULV5,293,SUMO,0.641,4.6,False,True
Q9Y6Q9,723,both,0.498,4.6,False,False
Q9Y6Q9,786,both,0.763,4.3,False,False
Q9Y6Q9,1194,SUMO,0.806,4.6,False,True
